{
    "CLx": {
        "mean": 2.2435786724090576,
        "std": 1.011387586593628
    },
    "CLy": {
        "mean": 2.244830369949341,
        "std": 1.0111610889434814
    },
    "var": {
        "mean": 0.12707382440567017,
        "std": 0.06831537187099457
    },
    "angle": {
        "mean": 22.502668380737305,
        "std": 12.994126319885254
    },
    "transform": {
        "mean": 0.00995718315243721,
        "std": 0.0014912027399986982
    }
}